Series Name,Series Code,Country Name,Country Code,1990 [YR1990],2000 [YR2000],2012 [YR2012],2013 [YR2013],2014 [YR2014],2015 [YR2015],2016 [YR2016],2017 [YR2017],2018 [YR2018],2019 [YR2019],2020 [YR2020],2021 [YR2021]
"GNI per capita, Atlas method (current US$)",NY.GNP.PCAP.CD,Afghanistan,AFG,..,..,650,680,650,610,570,540,520,530,500,390
"GNI per capita, Atlas method (current US$)",NY.GNP.PCAP.CD,Albania,ALB,650,1100,4360,4540,4540,4390,4320,4290,4860,5230,5260,6110
"GNI per capita, Atlas method (current US$)",NY.GNP.PCAP.CD,Algeria,DZA,2390,1610,5220,5540,5510,4880,4400,3970,4010,4050,3600,3660
"GNI per capita, Atlas method (current US$)",NY.GNP.PCAP.CD,American Samoa,ASM,..,..,..,..,..,..,..,..,..,..,..,..
"GNI per capita, Atlas method (current US$)",NY.GNP.PCAP.CD,Andorra,AND,..,..,..,..,..,..,..,..,..,46530,..,..
"GNI per capita, Atlas method (current US$)",NY.GNP.PCAP.CD,Angola,AGO,780,360,4060,4650,4800,3880,2450,1980,1870,2040,1740,1710
"GNI per capita, Atlas method (current US$)",NY.GNP.PCAP.CD,Antigua and Barbuda,ATG,6730,10220,13180,13040,13230,13370,14170,15000,16680,17310,14530,15780
"GNI per capita, Atlas method (current US$)",NY.GNP.PCAP.CD,Argentina,ARG,3180,7430,11890,12870,12350,12600,12220,13140,12430,11220,9010,9960
"GNI per capita, Atlas method (current US$)",NY.GNP.PCAP.CD,Armenia,ARM,..,640,3840,4110,4170,4080,3850,4070,4410,4880,4470,4850
"GNI per capita, Atlas method (current US$)",NY.GNP.PCAP.CD,Aruba,ABW,11570,20390,24440,25500,25790,26180,26650,27720,29030,30000,24590,29390
"GNI per capita, Atlas method (current US$)",NY.GNP.PCAP.CD,Australia,AUS,17340,21280,60270,66050,65180,60490,54080,51490,53100,54900,53620,57170
"GNI per capita, Atlas method (current US$)",NY.GNP.PCAP.CD,Austria,AUT,20630,26810,50100,50720,50390,47480,46240,45040,48980,51020,48990,52760
"GNI per capita, Atlas method (current US$)",NY.GNP.PCAP.CD,Azerbaijan,AZE,..,630,6480,7450,7740,6610,4790,4110,4080,4510,4480,4900
"GNI per capita, Atlas method (current US$)",NY.GNP.PCAP.CD,"Bahamas, The",BHS,11230,24170,27200,26280,26840,27450,27610,29260,29810,31210,23500,26490
"GNI per capita, Atlas method (current US$)",NY.GNP.PCAP.CD,Bahrain,BHR,8690,10220,23360,24790,24530,22740,21820,21790,23210,24420,22950,..
"GNI per capita, Atlas method (current US$)",NY.GNP.PCAP.CD,Bangladesh,BGD,300,430,970,1030,1100,1210,1410,1650,2020,2210,2300,2570
"GNI per capita, Atlas method (current US$)",NY.GNP.PCAP.CD,Barbados,BRB,7660,11060,16150,16080,16050,16170,16350,16490,17020,17630,16230,16900
"GNI per capita, Atlas method (current US$)",NY.GNP.PCAP.CD,Belarus,BLR,..,1380,6630,7030,7620,6750,5640,5320,5730,6370,6400,6940
"GNI per capita, Atlas method (current US$)",NY.GNP.PCAP.CD,Belgium,BEL,19310,25890,47130,47900,47820,45570,43400,42520,46060,48100,46030,50490
"GNI per capita, Atlas method (current US$)",NY.GNP.PCAP.CD,Belize,BLZ,2550,4400,5250,5510,5610,5770,5650,5520,5660,5890,5210,6070
"GNI per capita, Atlas method (current US$)",NY.GNP.PCAP.CD,Benin,BEN,360,470,1090,1180,1230,1140,1070,1050,1150,1200,1230,1350
"GNI per capita, Atlas method (current US$)",NY.GNP.PCAP.CD,Bermuda,BMU,..,..,100100,101760,99920,101120,103620,112940,117000,117280,111800,122470
"GNI per capita, Atlas method (current US$)",NY.GNP.PCAP.CD,Bhutan,BTN,530,700,2330,2350,2400,2470,2600,2760,2940,3130,2840,3040
"GNI per capita, Atlas method (current US$)",NY.GNP.PCAP.CD,Bolivia,BOL,700,960,2210,2540,2780,2900,2970,3020,3290,3440,3120,3290
"GNI per capita, Atlas method (current US$)",NY.GNP.PCAP.CD,Bosnia and Herzegovina,BIH,..,1390,4900,5160,5170,5070,4990,4990,5620,6070,6030,6810
"GNI per capita, Atlas method (current US$)",NY.GNP.PCAP.CD,Botswana,BWA,2610,3020,6700,7020,6800,5890,5760,5850,6220,6620,6010,6430
"GNI per capita, Atlas method (current US$)",NY.GNP.PCAP.CD,Brazil,BRA,2170,3910,12270,12750,12080,10160,8890,8670,9140,9220,7820,7740
"GNI per capita, Atlas method (current US$)",NY.GNP.PCAP.CD,British Virgin Islands,VGB,..,..,..,..,..,..,..,..,..,..,..,..
"GNI per capita, Atlas method (current US$)",NY.GNP.PCAP.CD,Brunei Darussalam,BRN,12310,14650,41580,44520,42380,38250,32690,29400,29030,31880,31210,30320
"GNI per capita, Atlas method (current US$)",NY.GNP.PCAP.CD,Bulgaria,BGR,2250,1660,7490,7590,7700,7430,7400,7610,8530,9500,9520,11200
"GNI per capita, Atlas method (current US$)",NY.GNP.PCAP.CD,Burkina Faso,BFA,320,260,710,750,740,680,660,650,730,750,750,830
"GNI per capita, Atlas method (current US$)",NY.GNP.PCAP.CD,Burundi,BDI,220,140,240,240,250,250,250,250,240,230,220,220
"GNI per capita, Atlas method (current US$)",NY.GNP.PCAP.CD,Cabo Verde,CPV,830,1310,3250,3310,3190,3050,2980,2930,3240,3460,2920,3190
"GNI per capita, Atlas method (current US$)",NY.GNP.PCAP.CD,Cambodia,KHM,..,300,880,960,1020,1070,1160,1260,1420,1560,1530,1580
"GNI per capita, Atlas method (current US$)",NY.GNP.PCAP.CD,Cameroon,CMR,1000,720,1450,1510,1570,1520,1450,1400,1500,1540,1520,1590
"GNI per capita, Atlas method (current US$)",NY.GNP.PCAP.CD,Canada,CAN,..,22750,51080,52800,52200,47590,43890,42900,45080,46540,43540,48310
"GNI per capita, Atlas method (current US$)",NY.GNP.PCAP.CD,Cayman Islands,CYM,..,..,51400,45330,43860,44970,48480,52670,58820,65680,61880,..
"GNI per capita, Atlas method (current US$)",NY.GNP.PCAP.CD,Central African Republic,CAF,480,250,530,350,360,370,380,400,450,470,460,480
"GNI per capita, Atlas method (current US$)",NY.GNP.PCAP.CD,Chad,TCD,270,180,960,970,970,880,730,640,670,690,630,640
"GNI per capita, Atlas method (current US$)",NY.GNP.PCAP.CD,Channel Islands,CHI,..,43430,..,..,..,..,..,..,..,..,..,..
"GNI per capita, Atlas method (current US$)",NY.GNP.PCAP.CD,Chile,CHL,2340,5080,14310,15230,14830,14210,13440,13340,14600,14830,12990,14780
"GNI per capita, Atlas method (current US$)",NY.GNP.PCAP.CD,China,CHN,330,940,5910,6740,7470,7890,8210,8670,9540,10310,10520,11880
"GNI per capita, Atlas method (current US$)",NY.GNP.PCAP.CD,Colombia,COL,1350,2360,7340,8000,8260,7400,6530,6010,6320,6590,5820,6190
"GNI per capita, Atlas method (current US$)",NY.GNP.PCAP.CD,Comoros,COM,930,730,1500,1580,1580,1470,1410,1370,1480,1520,1520,1580
"GNI per capita, Atlas method (current US$)",NY.GNP.PCAP.CD,"Congo, Dem. Rep.",COD,..,130,370,400,430,440,450,440,480,510,540,550
"GNI per capita, Atlas method (current US$)",NY.GNP.PCAP.CD,"Congo, Rep.",COG,920,560,3350,3590,3830,2970,2130,1640,1910,1980,1760,1970
"GNI per capita, Atlas method (current US$)",NY.GNP.PCAP.CD,Costa Rica,CRI,1720,3560,9190,9840,10250,10610,11000,11400,11880,12040,11520,12310
"GNI per capita, Atlas method (current US$)",NY.GNP.PCAP.CD,Cote d'Ivoire,CIV,780,640,1220,1320,1990,2010,2010,2000,2140,2260,2240,2420
"GNI per capita, Atlas method (current US$)",NY.GNP.PCAP.CD,Croatia,HRV,..,5250,13640,13790,13520,13310,12740,13030,14440,15580,14820,17630
"GNI per capita, Atlas method (current US$)",NY.GNP.PCAP.CD,Cuba,CUB,2650,2620,6080,6620,6820,7220,7480,7950,8630,8920,..,..
"GNI per capita, Atlas method (current US$)",NY.GNP.PCAP.CD,Curacao,CUW,..,..,..,19890,19760,19520,19030,18960,19430,19700,16690,18430
"GNI per capita, Atlas method (current US$)",NY.GNP.PCAP.CD,Cyprus,CYP,9300,14180,29760,27890,26610,26100,24840,25050,27410,28560,26600,28470
"GNI per capita, Atlas method (current US$)",NY.GNP.PCAP.CD,Czechia,CZE,..,6340,19440,19410,18900,18370,17670,18310,20560,22120,21800,24430
"GNI per capita, Atlas method (current US$)",NY.GNP.PCAP.CD,Denmark,DNK,24370,32580,61650,63200,63670,60510,58040,56690,61260,63140,62710,68300
"GNI per capita, Atlas method (current US$)",NY.GNP.PCAP.CD,Djibouti,DJI,..,..,..,..,..,2310,2400,2480,2640,2820,2830,3080
"GNI per capita, Atlas method (current US$)",NY.GNP.PCAP.CD,Dominica,DMA,2850,4300,7060,6910,7210,7030,7400,7380,7890,8250,7140,7790
"GNI per capita, Atlas method (current US$)",NY.GNP.PCAP.CD,Dominican Republic,DOM,870,2660,5730,5970,6260,6500,6780,7000,7680,7990,7170,8100
"GNI per capita, Atlas method (current US$)",NY.GNP.PCAP.CD,Ecuador,ECU,1340,1560,5380,5800,6100,5980,5820,5890,6110,6100,5560,5960
"GNI per capita, Atlas method (current US$)",NY.GNP.PCAP.CD,"Egypt, Arab Rep.",EGY,740,1370,2690,2870,3060,3160,3260,2870,2650,2550,2860,3350
"GNI per capita, Atlas method (current US$)",NY.GNP.PCAP.CD,El Salvador,SLV,880,1880,3250,3390,3450,3490,3570,3670,3900,4090,3740,4260
"GNI per capita, Atlas method (current US$)",NY.GNP.PCAP.CD,Equatorial Guinea,GNQ,240,680,11980,12140,11460,9410,7180,5660,5860,5520,5100,5150
"GNI per capita, Atlas method (current US$)",NY.GNP.PCAP.CD,Eritrea,ERI,..,290,..,..,..,..,..,..,..,..,..,..
"GNI per capita, Atlas method (current US$)",NY.GNP.PCAP.CD,Estonia,EST,..,4170,16760,18140,18880,18570,18290,18760,21180,23010,23570,26460
"GNI per capita, Atlas method (current US$)",NY.GNP.PCAP.CD,Eswatini,SWZ,1250,1630,4190,4290,4020,3700,3370,3310,3550,3630,3360,3650
"GNI per capita, Atlas method (current US$)",NY.GNP.PCAP.CD,Ethiopia,ETH,260,120,400,460,540,590,650,720,780,830,880,940
"GNI per capita, Atlas method (current US$)",NY.GNP.PCAP.CD,Faroe Islands,FRO,..,..,..,..,..,..,..,..,..,..,..,..
"GNI per capita, Atlas method (current US$)",NY.GNP.PCAP.CD,Fiji,FJI,1670,2170,3930,4470,4750,4840,5020,5120,5680,5610,4680,4500
"GNI per capita, Atlas method (current US$)",NY.GNP.PCAP.CD,Finland,FIN,26000,26480,48970,49510,49420,47180,45530,44840,48210,49940,50100,53510
"GNI per capita, Atlas method (current US$)",NY.GNP.PCAP.CD,France,FRA,20710,24990,43410,43800,43340,41130,39100,38320,41170,42460,39440,44160
"GNI per capita, Atlas method (current US$)",NY.GNP.PCAP.CD,French Polynesia,PYF,14670,18560,..,..,..,..,..,..,..,..,..,..
"GNI per capita, Atlas method (current US$)",NY.GNP.PCAP.CD,Gabon,GAB,4660,2990,8660,8920,8930,7660,6810,6280,6610,6950,6830,6440
"GNI per capita, Atlas method (current US$)",NY.GNP.PCAP.CD,"Gambia, The",GMB,280,570,700,670,600,580,580,610,670,700,700,740
"GNI per capita, Atlas method (current US$)",NY.GNP.PCAP.CD,Georgia,GEO,..,790,4150,4530,4740,4410,4080,4040,4460,4690,4260,4700
"GNI per capita, Atlas method (current US$)",NY.GNP.PCAP.CD,Germany,DEU,21300,26180,46560,47220,47640,45780,44280,43760,47490,49220,48050,51660
"GNI per capita, Atlas method (current US$)",NY.GNP.PCAP.CD,Ghana,GHA,380,330,1480,1780,1820,1870,1750,1820,2050,2150,2230,2280
"GNI per capita, Atlas method (current US$)",NY.GNP.PCAP.CD,Gibraltar,GIB,..,..,..,..,..,..,..,..,..,..,..,..
"GNI per capita, Atlas method (current US$)",NY.GNP.PCAP.CD,Greece,GRC,..,..,23180,22430,22010,20190,18640,17960,19080,19690,17960,20000
"GNI per capita, Atlas method (current US$)",NY.GNP.PCAP.CD,Greenland,GRL,15690,20290,..,..,..,..,..,..,..,..,..,..
"GNI per capita, Atlas method (current US$)",NY.GNP.PCAP.CD,Grenada,GRD,2760,4410,6520,6840,6940,7140,7670,8020,8740,8920,7880,8590
"GNI per capita, Atlas method (current US$)",NY.GNP.PCAP.CD,Guam,GUM,..,..,..,..,..,..,..,..,..,..,..,..
"GNI per capita, Atlas method (current US$)",NY.GNP.PCAP.CD,Guatemala,GTM,930,1670,3160,3380,3550,3700,3870,4100,4400,4620,4490,4940
"GNI per capita, Atlas method (current US$)",NY.GNP.PCAP.CD,Guinea,GIN,410,400,690,690,730,750,760,810,850,940,960,1020
"GNI per capita, Atlas method (current US$)",NY.GNP.PCAP.CD,Guinea-Bissau,GNB,220,200,610,620,620,620,640,660,700,780,740,760
"GNI per capita, Atlas method (current US$)",NY.GNP.PCAP.CD,Guyana,GUY,390,870,5360,5630,5660,5560,5690,6000,6240,6500,8190,9410
"GNI per capita, Atlas method (current US$)",NY.GNP.PCAP.CD,Haiti,HTI,420,550,1320,1410,1440,1430,1370,1360,1420,1400,1330,1430
"GNI per capita, Atlas method (current US$)",NY.GNP.PCAP.CD,Honduras,HND,1080,1010,1930,1970,1970,2020,2080,2200,2280,2330,2150,2490
"GNI per capita, Atlas method (current US$)",NY.GNP.PCAP.CD,"Hong Kong SAR, China",HKG,12660,26930,36340,38570,40240,41180,42970,46380,50050,50480,48550,54460
"GNI per capita, Atlas method (current US$)",NY.GNP.PCAP.CD,Hungary,HUN,..,4620,13080,13520,13560,13230,13100,13180,14980,16570,16030,17740
"GNI per capita, Atlas method (current US$)",NY.GNP.PCAP.CD,Iceland,ISL,..,31540,40690,46960,48090,49940,54910,60230,67770,72950,62280,63460
"GNI per capita, Atlas method (current US$)",NY.GNP.PCAP.CD,India,IND,380,440,1470,1500,1550,1590,1660,1800,1980,2080,1890,2150
"GNI per capita, Atlas method (current US$)",NY.GNP.PCAP.CD,Indonesia,IDN,560,570,3550,3710,3600,3420,3400,3530,3850,4070,3900,4180
"GNI per capita, Atlas method (current US$)",NY.GNP.PCAP.CD,"Iran, Islamic Rep.",IRN,2560,1770,7490,7340,6740,5480,5470,5490,4880,4010,3290,3530
"GNI per capita, Atlas method (current US$)",NY.GNP.PCAP.CD,Iraq,IRQ,6970,1520,5940,6590,6320,5460,5050,4400,4780,5470,4720,4760
"GNI per capita, Atlas method (current US$)",NY.GNP.PCAP.CD,Ireland,IRL,12560,24130,40840,43580,46480,50280,51790,53520,59350,63570,65330,76110
"GNI per capita, Atlas method (current US$)",NY.GNP.PCAP.CD,Isle of Man,IMN,..,22280,82400,87680,88570,83630,78710,78840,83960,84580,..,..
"GNI per capita, Atlas method (current US$)",NY.GNP.PCAP.CD,Israel,ISR,..,19960,33020,35080,36670,36640,36970,38320,41690,44070,43310,49290
"GNI per capita, Atlas method (current US$)",NY.GNP.PCAP.CD,Italy,ITA,18660,21910,36220,35570,34910,33000,31970,31380,33850,34930,32410,35990
"GNI per capita, Atlas method (current US$)",NY.GNP.PCAP.CD,Jamaica,JAM,1790,3290,5130,5170,5070,4870,4770,4940,5230,5500,4900,5190
"GNI per capita, Atlas method (current US$)",NY.GNP.PCAP.CD,Japan,JPN,27820,36810,50060,48850,44440,39380,38460,38930,41770,42010,40810,42650
"GNI per capita, Atlas method (current US$)",NY.GNP.PCAP.CD,Jordan,JOR,1310,1690,4180,4240,4040,3860,3830,3920,4090,4200,4070,4170
"GNI per capita, Atlas method (current US$)",NY.GNP.PCAP.CD,Kazakhstan,KAZ,..,1270,9940,11840,12080,11380,8770,8040,8070,8820,8710,8880
"GNI per capita, Atlas method (current US$)",NY.GNP.PCAP.CD,Kenya,KEN,380,430,1060,1130,1260,1330,1500,1550,1730,1890,1900,2080
"GNI per capita, Atlas method (current US$)",NY.GNP.PCAP.CD,Kiribati,KIR,730,1270,2490,2840,3050,3280,2660,2780,3000,3250,2740,2750
"GNI per capita, Atlas method (current US$)",NY.GNP.PCAP.CD,"Korea, Dem. People's Rep.",PRK,..,..,..,..,..,..,..,..,..,..,..,..
"GNI per capita, Atlas method (current US$)",NY.GNP.PCAP.CD,"Korea, Rep.",KOR,6450,11030,25660,26980,28160,28720,29330,30300,32750,33830,33040,35110
"GNI per capita, Atlas method (current US$)",NY.GNP.PCAP.CD,Kosovo,XKX,..,..,3540,3800,3910,3930,3930,3950,4300,4640,4440,5130
"GNI per capita, Atlas method (current US$)",NY.GNP.PCAP.CD,Kuwait,KWT,..,19000,49020,51310,50050,41040,34540,30880,32300,34290,..,..
"GNI per capita, Atlas method (current US$)",NY.GNP.PCAP.CD,Kyrgyz Republic,KGZ,..,280,1040,1190,1250,1180,1110,1110,1220,1240,1180,1180
"GNI per capita, Atlas method (current US$)",NY.GNP.PCAP.CD,Lao PDR,LAO,190,280,1360,1600,1810,1970,2110,2240,2470,2520,2470,2500
"GNI per capita, Atlas method (current US$)",NY.GNP.PCAP.CD,Latvia,LVA,..,3320,13800,14850,15340,15110,14800,14870,16560,17830,18240,19790
"GNI per capita, Atlas method (current US$)",NY.GNP.PCAP.CD,Lebanon,LBN,1020,4090,8080,7970,7520,7440,7750,8320,8760,8630,6400,5110
"GNI per capita, Atlas method (current US$)",NY.GNP.PCAP.CD,Lesotho,LSO,520,590,1480,1430,1320,1280,1230,1150,1180,1270,1150,1210
"GNI per capita, Atlas method (current US$)",NY.GNP.PCAP.CD,Liberia,LBR,..,..,540,620,630,630,620,630,620,610,600,630
"GNI per capita, Atlas method (current US$)",NY.GNP.PCAP.CD,Libya,LBY,..,..,13810,12120,9460,8690,7980,10220,11520,10530,7890,8700
"GNI per capita, Atlas method (current US$)",NY.GNP.PCAP.CD,Liechtenstein,LIE,45510,79240,..,..,..,..,..,..,..,..,..,..
"GNI per capita, Atlas method (current US$)",NY.GNP.PCAP.CD,Lithuania,LTU,..,3210,14100,15340,16070,15190,14890,15280,17470,19080,19680,21740
"GNI per capita, Atlas method (current US$)",NY.GNP.PCAP.CD,Luxembourg,LUX,31330,45690,87950,85160,86760,73530,73730,75800,79770,77500,79580,88190
"GNI per capita, Atlas method (current US$)",NY.GNP.PCAP.CD,"Macao SAR, China",MAC,8810,14580,58830,67630,70480,60760,62300,68200,74190,73170,44690,46450
"GNI per capita, Atlas method (current US$)",NY.GNP.PCAP.CD,Madagascar,MDG,300,280,480,500,500,470,450,460,490,510,460,490
"GNI per capita, Atlas method (current US$)",NY.GNP.PCAP.CD,Malawi,MWI,180,160,450,400,370,350,340,370,430,550,580,620
"GNI per capita, Atlas method (current US$)",NY.GNP.PCAP.CD,Malaysia,MYS,2470,3490,9980,10600,10870,10400,9880,9680,10370,10960,10320,10710
"GNI per capita, Atlas method (current US$)",NY.GNP.PCAP.CD,Maldives,MDV,..,2050,6790,7060,7640,7990,8450,9040,9700,10160,6780,9600
"GNI per capita, Atlas method (current US$)",NY.GNP.PCAP.CD,Mali,MLI,270,280,710,750,780,770,750,730,800,820,790,820
"GNI per capita, Atlas method (current US$)",NY.GNP.PCAP.CD,Malta,MLT,7600,10950,22160,23370,24560,25230,23440,24670,27950,29340,26440,30760
"GNI per capita, Atlas method (current US$)",NY.GNP.PCAP.CD,Marshall Islands,MHL,..,2770,3790,4280,4500,4980,5040,5330,6010,6750,6690,6780
"GNI per capita, Atlas method (current US$)",NY.GNP.PCAP.CD,Mauritania,MRT,740,710,1790,1890,1790,1690,1560,1570,1710,1790,1790,1950
"GNI per capita, Atlas method (current US$)",NY.GNP.PCAP.CD,Mauritius,MUS,2430,3900,9260,9920,10220,10140,10050,10410,11510,12130,9940,9920
"GNI per capita, Atlas method (current US$)",NY.GNP.PCAP.CD,Mexico,MEX,2860,6280,10180,10400,10640,10310,9530,9060,9350,9660,8750,9590
"GNI per capita, Atlas method (current US$)",NY.GNP.PCAP.CD,"Micronesia, Fed. Sts.",FSM,..,2130,3050,3100,3100,3470,3420,3490,3450,4030,4070,3980
"GNI per capita, Atlas method (current US$)",NY.GNP.PCAP.CD,Moldova,MDA,..,490,3140,3620,3740,3290,3180,3330,3920,4580,4490,5370
"GNI per capita, Atlas method (current US$)",NY.GNP.PCAP.CD,Monaco,MCO,..,..,..,..,..,..,..,..,..,..,..,..
"GNI per capita, Atlas method (current US$)",NY.GNP.PCAP.CD,Mongolia,MNG,1450,460,3690,4390,4270,3850,3520,3250,3700,3840,3720,3730
"GNI per capita, Atlas method (current US$)",NY.GNP.PCAP.CD,Montenegro,MNE,..,..,7000,7330,7320,7260,7090,7410,8450,9140,7900,9340
"GNI per capita, Atlas method (current US$)",NY.GNP.PCAP.CD,Morocco,MAR,1170,1400,2970,3090,3470,3360,3140,3160,3380,3500,3250,3620
"GNI per capita, Atlas method (current US$)",NY.GNP.PCAP.CD,Mozambique,MOZ,..,320,610,680,690,650,540,470,460,490,470,480
"GNI per capita, Atlas method (current US$)",NY.GNP.PCAP.CD,Myanmar,MMR,40,130,1010,1190,1240,1200,1230,1210,1250,1300,1370,1170
"GNI per capita, Atlas method (current US$)",NY.GNP.PCAP.CD,Namibia,NAM,2090,2210,5800,6020,5870,5380,4810,4700,5000,5270,4650,4650
"GNI per capita, Atlas method (current US$)",NY.GNP.PCAP.CD,Nauru,NRU,..,..,8610,12410,14030,12690,11650,11150,12980,14400,15240,16920
"GNI per capita, Atlas method (current US$)",NY.GNP.PCAP.CD,Nepal,NPL,200,220,760,840,860,870,860,970,1110,1220,1180,1220
"GNI per capita, Atlas method (current US$)",NY.GNP.PCAP.CD,Netherlands,NLD,19900,28160,51500,51900,51600,49300,46480,46270,50540,51930,50170,55200
"GNI per capita, Atlas method (current US$)",NY.GNP.PCAP.CD,New Caledonia,NCL,14760,13210,..,..,..,..,..,..,..,..,..,..
"GNI per capita, Atlas method (current US$)",NY.GNP.PCAP.CD,New Zealand,NZL,13640,14080,36700,39930,41680,40660,39440,38870,41650,43050,41480,45230
"GNI per capita, Atlas method (current US$)",NY.GNP.PCAP.CD,Nicaragua,NIC,310,950,1660,1730,1810,1870,1930,2000,1940,1860,1740,1950
"GNI per capita, Atlas method (current US$)",NY.GNP.PCAP.CD,Niger,NER,320,220,540,570,580,550,520,510,570,590,550,590
"GNI per capita, Atlas method (current US$)",NY.GNP.PCAP.CD,Nigeria,NGA,560,460,2450,2700,2970,2850,2440,2070,1980,2050,2020,2080
"GNI per capita, Atlas method (current US$)",NY.GNP.PCAP.CD,North Macedonia,MKD,..,1920,4770,5030,5220,5130,5000,4940,5500,5890,5730,6190
"GNI per capita, Atlas method (current US$)",NY.GNP.PCAP.CD,Northern Mariana Islands,MNP,..,..,..,..,..,..,..,..,..,..,..,..
"GNI per capita, Atlas method (current US$)",NY.GNP.PCAP.CD,Norway,NOR,26500,36540,99110,104190,104370,92910,81370,75650,80320,81670,77880,83880
"GNI per capita, Atlas method (current US$)",NY.GNP.PCAP.CD,Oman,OMN,5730,6840,22030,23030,22020,20520,18520,16570,17230,17810,17110,17950
"GNI per capita, Atlas method (current US$)",NY.GNP.PCAP.CD,Pakistan,PAK,370,450,1040,1120,1160,1190,1300,1440,1610,1570,1420,1470
"GNI per capita, Atlas method (current US$)",NY.GNP.PCAP.CD,Palau,PLW,..,..,12540,12720,14020,15750,16620,16430,17410,17150,14640,12790
"GNI per capita, Atlas method (current US$)",NY.GNP.PCAP.CD,Panama,PAN,2660,3920,9580,10670,11220,12240,12810,13770,14540,15010,12470,13920
"GNI per capita, Atlas method (current US$)",NY.GNP.PCAP.CD,Papua New Guinea,PNG,890,600,2160,2360,2810,2670,2520,2390,2400,2510,2470,2460
"GNI per capita, Atlas method (current US$)",NY.GNP.PCAP.CD,Paraguay,PRY,..,1500,5160,5960,6280,6100,5870,5810,6050,5950,5550,5740
"GNI per capita, Atlas method (current US$)",NY.GNP.PCAP.CD,Peru,PER,840,1960,5740,6360,6470,6290,6070,6030,6430,6770,6000,6460
"GNI per capita, Atlas method (current US$)",NY.GNP.PCAP.CD,Philippines,PHL,830,1180,2840,3140,3300,3350,3410,3480,3640,3770,3350,3550
"GNI per capita, Atlas method (current US$)",NY.GNP.PCAP.CD,Poland,POL,..,4670,13090,13230,13470,13250,12660,12690,14180,15330,15300,16850
"GNI per capita, Atlas method (current US$)",NY.GNP.PCAP.CD,Portugal,PRT,7130,12180,21170,21380,21200,20460,19940,20060,22060,23200,21850,23890
"GNI per capita, Atlas method (current US$)",NY.GNP.PCAP.CD,Puerto Rico,PRI,5950,10550,18680,19170,19280,19420,19710,20000,21010,22040,21240,22580
"GNI per capita, Atlas method (current US$)",NY.GNP.PCAP.CD,Qatar,QAT,..,..,83990,91130,89830,78040,66030,57190,59150,61720,58370,62310
"GNI per capita, Atlas method (current US$)",NY.GNP.PCAP.CD,Romania,ROU,..,1710,9200,9390,9760,9610,9460,10030,11520,12670,12700,14160
"GNI per capita, Atlas method (current US$)",NY.GNP.PCAP.CD,Russian Federation,RUS,..,1710,13490,15190,14630,11780,9730,9210,10250,11280,10740,11610
"GNI per capita, Atlas method (current US$)",NY.GNP.PCAP.CD,Rwanda,RWA,350,270,690,710,720,730,730,720,770,810,760,840
"GNI per capita, Atlas method (current US$)",NY.GNP.PCAP.CD,Samoa,WSM,550,..,3560,3720,3790,3930,4080,4050,4060,4230,4000,3810
"GNI per capita, Atlas method (current US$)",NY.GNP.PCAP.CD,San Marino,SMR,..,..,..,..,..,..,..,39740,42250,44390,41450,..
"GNI per capita, Atlas method (current US$)",NY.GNP.PCAP.CD,Sao Tome and Principe,STP,..,..,1220,1420,1620,1640,1680,1690,1860,1960,2100,2260
"GNI per capita, Atlas method (current US$)",NY.GNP.PCAP.CD,Saudi Arabia,SAU,7490,7810,22740,24280,24590,22970,20980,19350,21040,22210,21540,..
"GNI per capita, Atlas method (current US$)",NY.GNP.PCAP.CD,Senegal,SEN,920,670,1330,1360,1390,1330,1300,1300,1420,1460,1460,1570
"GNI per capita, Atlas method (current US$)",NY.GNP.PCAP.CD,Serbia,SRB,..,1610,6080,6460,6240,5960,5700,5570,6410,7040,7440,8460
"GNI per capita, Atlas method (current US$)",NY.GNP.PCAP.CD,Seychelles,SYC,5030,7290,11480,12560,13310,14150,14220,14660,15710,16400,14040,14540
"GNI per capita, Atlas method (current US$)",NY.GNP.PCAP.CD,Sierra Leone,SLE,190,140,530,650,680,540,480,500,470,520,490,500
"GNI per capita, Atlas method (current US$)",NY.GNP.PCAP.CD,Singapore,SGP,11450,23680,51710,54460,56380,53160,53250,54590,56670,58060,55010,64010
"GNI per capita, Atlas method (current US$)",NY.GNP.PCAP.CD,Sint Maarten (Dutch part),SXM,..,..,..,27540,28670,29560,30890,28210,27510,..,..,..
"GNI per capita, Atlas method (current US$)",NY.GNP.PCAP.CD,Slovak Republic,SVK,..,5540,17830,18270,18340,17760,16840,16670,18400,19200,19180,20640
"GNI per capita, Atlas method (current US$)",NY.GNP.PCAP.CD,Slovenia,SVN,..,11270,23260,23240,23620,22270,21790,22140,24650,26040,25400,28280
"GNI per capita, Atlas method (current US$)",NY.GNP.PCAP.CD,Solomon Islands,SLB,610,940,1840,2130,2160,2100,2110,2150,2320,2390,2340,2320
"GNI per capita, Atlas method (current US$)",NY.GNP.PCAP.CD,Somalia,SOM,140,..,..,..,..,400,400,380,390,410,410,430
"GNI per capita, Atlas method (current US$)",NY.GNP.PCAP.CD,South Africa,ZAF,2890,3280,8320,8050,7340,6550,5960,5950,6390,6730,6090,6530
"GNI per capita, Atlas method (current US$)",NY.GNP.PCAP.CD,South Sudan,SSD,..,..,800,1090,1170,1040,..,..,..,..,..,..
"GNI per capita, Atlas method (current US$)",NY.GNP.PCAP.CD,Spain,ESP,12210,15790,29540,29230,29160,28460,27570,27120,29330,30360,27130,29690
"GNI per capita, Atlas method (current US$)",NY.GNP.PCAP.CD,Sri Lanka,LKA,460,870,3460,3630,3810,3920,4020,4230,4360,4220,3930,4030
"GNI per capita, Atlas method (current US$)",NY.GNP.PCAP.CD,St. Kitts and Nevis,KNA,5170,8850,16800,18220,18420,18370,19320,20020,21530,23340,19420,18820
"GNI per capita, Atlas method (current US$)",NY.GNP.PCAP.CD,St. Lucia,LCA,3620,5460,9040,8960,8990,8890,9610,10210,10980,11040,8590,9520
"GNI per capita, Atlas method (current US$)",NY.GNP.PCAP.CD,St. Martin (French part),MAF,..,..,..,..,..,..,..,..,..,..,..,..
"GNI per capita, Atlas method (current US$)",NY.GNP.PCAP.CD,St. Vincent and the Grenadines,VCT,2020,3380,6760,7030,6910,7160,7540,7760,8370,8580,8260,8720
"GNI per capita, Atlas method (current US$)",NY.GNP.PCAP.CD,Sudan,SDN,780,350,1700,1720,1880,1950,2190,2430,1390,940,630,650
"GNI per capita, Atlas method (current US$)",NY.GNP.PCAP.CD,Suriname,SUR,1400,1940,8290,8690,8990,8640,6740,5770,5790,6020,4500,4410
"GNI per capita, Atlas method (current US$)",NY.GNP.PCAP.CD,Sweden,SWE,27760,31610,59090,61800,61870,58420,54360,53030,55690,56420,54740,59540
"GNI per capita, Atlas method (current US$)",NY.GNP.PCAP.CD,Switzerland,CHE,..,44670,87720,91710,89450,88010,84430,81870,83270,84250,82740,90600
"GNI per capita, Atlas method (current US$)",NY.GNP.PCAP.CD,Syrian Arab Republic,SYR,..,4100,2650,1280,1080,910,760,730,810,970,760,..
"GNI per capita, Atlas method (current US$)",NY.GNP.PCAP.CD,Tajikistan,TJK,..,170,1140,1310,1340,1250,1110,1020,1020,1070,1050,1150
"GNI per capita, Atlas method (current US$)",NY.GNP.PCAP.CD,Tanzania,TZA,190,390,800,880,960,960,950,940,1000,1070,1050,1100
"GNI per capita, Atlas method (current US$)",NY.GNP.PCAP.CD,Thailand,THA,1520,1980,5420,5610,5640,5580,5570,5820,6450,7080,6900,7090
"GNI per capita, Atlas method (current US$)",NY.GNP.PCAP.CD,Timor-Leste,TLS,..,..,3560,3190,2690,2180,1740,1800,1820,2110,2100,1140
"GNI per capita, Atlas method (current US$)",NY.GNP.PCAP.CD,Togo,TGO,390,300,580,610,630,630,660,710,860,900,900,960
"GNI per capita, Atlas method (current US$)",NY.GNP.PCAP.CD,Tonga,TON,1180,1990,4130,4320,4350,4210,4220,4440,4710,5130,5200,4930
"GNI per capita, Atlas method (current US$)",NY.GNP.PCAP.CD,Trinidad and Tobago,TTO,3570,5140,16750,18760,19110,19020,16510,15560,15260,15620,13830,15000
"GNI per capita, Atlas method (current US$)",NY.GNP.PCAP.CD,Tunisia,TUN,1380,2230,4190,4240,4250,4070,3870,3650,3650,3540,3230,3540
"GNI per capita, Atlas method (current US$)",NY.GNP.PCAP.CD,Turkiye,TUR,2290,4260,11860,12500,12480,11860,11090,10840,10450,9670,9070,9900
"GNI per capita, Atlas method (current US$)",NY.GNP.PCAP.CD,Turkmenistan,TKM,..,590,5370,6280,6950,6790,6590,6160,6500,6970,..,..
"GNI per capita, Atlas method (current US$)",NY.GNP.PCAP.CD,Turks and Caicos Islands,TCA,..,..,..,..,23530,25140,26100,24400,25730,26710,19610,21410
"GNI per capita, Atlas method (current US$)",NY.GNP.PCAP.CD,Tuvalu,TUV,..,..,4480,5650,4790,5690,5490,5320,6160,6640,6750,7200
"GNI per capita, Atlas method (current US$)",NY.GNP.PCAP.CD,Uganda,UGA,320,270,830,810,830,850,820,760,740,750,740,760
"GNI per capita, Atlas method (current US$)",NY.GNP.PCAP.CD,Ukraine,UKR,1610,680,3650,3950,3560,2800,2360,2360,2750,3310,3570,4120
"GNI per capita, Atlas method (current US$)",NY.GNP.PCAP.CD,United Arab Emirates,ARE,..,30050,41810,45850,47420,46270,44460,42090,44350,46210,41770,..
"GNI per capita, Atlas method (current US$)",NY.GNP.PCAP.CD,United Kingdom,GBR,18610,29390,41810,42800,44590,44480,43150,41740,42180,43380,38590,44480
"GNI per capita, Atlas method (current US$)",NY.GNP.PCAP.CD,United States,USA,24060,35960,52790,53990,55800,56620,57140,59220,63460,66130,64650,70930
"GNI per capita, Atlas method (current US$)",NY.GNP.PCAP.CD,Uruguay,URY,2840,7120,13360,15360,15830,15670,15490,15990,17390,17940,15950,16080
"GNI per capita, Atlas method (current US$)",NY.GNP.PCAP.CD,Uzbekistan,UZB,..,630,2160,2430,2600,2740,2790,2470,2110,1870,1740,1960
"GNI per capita, Atlas method (current US$)",NY.GNP.PCAP.CD,Vanuatu,VUT,1200,1370,2750,2930,2930,2770,2780,2860,3120,3400,3180,3240
"GNI per capita, Atlas method (current US$)",NY.GNP.PCAP.CD,"Venezuela, RB",VEN,2650,4080,12660,11950,13010,..,..,..,..,..,..,..
"GNI per capita, Atlas method (current US$)",NY.GNP.PCAP.CD,Vietnam,VNM,130,380,1980,2200,2400,2480,2580,2720,3060,3340,3450,3590
"GNI per capita, Atlas method (current US$)",NY.GNP.PCAP.CD,Virgin Islands (U.S.),VIR,..,..,..,..,..,..,..,..,..,..,..,..
"GNI per capita, Atlas method (current US$)",NY.GNP.PCAP.CD,West Bank and Gaza,PSE,..,1550,3210,3470,3560,3670,3900,3930,4190,4270,3700,4220
"GNI per capita, Atlas method (current US$)",NY.GNP.PCAP.CD,"Yemen, Rep.",YEM,..,400,1180,1340,1360,1110,1070,1000,840,..,..,..
"GNI per capita, Atlas method (current US$)",NY.GNP.PCAP.CD,Zambia,ZMB,450,350,1660,1720,1760,1540,1340,1270,1400,1390,1130,1030
"GNI per capita, Atlas method (current US$)",NY.GNP.PCAP.CD,Zimbabwe,ZWE,740,360,1120,1200,1210,1220,1200,1170,1550,1450,1460,1530
"GNI per capita, Atlas method (current US$)",NY.GNP.PCAP.CD,Africa Eastern and Southern,AFE,712.432825290447,656.176751414602,1679.25651085046,1711.72531582295,1691.54073126684,1574.77865953024,1456.02698698805,1440.56542811617,1452.2335407901,1493.73226862536,1386.16397576564,1453.74494353682
"GNI per capita, Atlas method (current US$)",NY.GNP.PCAP.CD,Africa Western and Central,AFW,550.870757727334,452.032441876718,1763.8469502574,1923.71192471764,2096.81512281744,2004.97865753491,1771.3353379403,1587.39758163512,1604.62824423315,1663.33566697215,1644.35987292588,1707.39401079414
"GNI per capita, Atlas method (current US$)",NY.GNP.PCAP.CD,Arab World,ARB,3005.07951814307,2571.30794221632,6875.57797183897,7270.98178224833,7347.76135585306,6880.57258126558,6458.66432535867,6022.64341256995,6170.04073551384,6327.98689681779,5874.4256920159,..
"GNI per capita, Atlas method (current US$)",NY.GNP.PCAP.CD,Caribbean small states,CSS,2810.80931882881,4871.58489757731,9710.10120523966,10168.3636140959,10275.9349685145,10193.205557395,9575.17340217441,9534.34662982664,9751.07608790408,10119.4298699344,8919.90615587807,9683.17427186509
"GNI per capita, Atlas method (current US$)",NY.GNP.PCAP.CD,Central Europe and the Baltics,CEB,..,4088.87152400984,13146.2571602127,13389.0483586529,13552.2810393452,13242.6592062679,12820.8256330702,13065.080761949,14694.980825883,15938.8804564374,15847.036058119,17615.3413333087
"GNI per capita, Atlas method (current US$)",NY.GNP.PCAP.CD,Early-demographic dividend,EAR,861.989019329492,1261.70042847804,3259.49761747032,3380.77552282647,3410.35149189932,3289.75681716091,3250.97832462271,3309.66140853737,3477.67919641391,3535.51994088068,3267.79667912065,3586.60899657312
"GNI per capita, Atlas method (current US$)",NY.GNP.PCAP.CD,East Asia & Pacific,EAS,2762.60442090994,3869.02986863337,9123.05525625103,9715.74619772677,9937.77550620998,9818.74679239091,9894.12780682069,10229.4154488925,11095.6098433751,11689.5619451253,11637.0379535244,12736.9646190111
"GNI per capita, Atlas method (current US$)",NY.GNP.PCAP.CD,East Asia & Pacific (excluding high income),EAP,422.865147190156,909.622016832776,5069.68784779634,5697.66284868527,6195.98514275057,6446.30472079073,6652.98304067034,6991.64902099892,7670.94844112187,8257.33631951189,8333.18881979294,9290.98025682592
"GNI per capita, Atlas method (current US$)",NY.GNP.PCAP.CD,East Asia & Pacific (IDA & IBRD countries),TEA,427.899861034709,920.333710922744,5127.16108735641,5761.99245910014,6265.70277774209,6518.63361291748,6727.42655398279,7069.64154903099,7756.3495354118,8349.15084607972,8425.80529949925,9394.30700772658
"GNI per capita, Atlas method (current US$)",NY.GNP.PCAP.CD,Euro area,EMU,17747.0834911893,22174.4427251698,39241.8956300111,39448.8356188936,39368.7566765567,37711.7907063138,36336.4331891886,35845.979539049,38830.8460889575,40238.1621038257,38208.3624623572,41954.2637219317
"GNI per capita, Atlas method (current US$)",NY.GNP.PCAP.CD,Europe & Central Asia,ECS,9859.06780924096,12551.0418012036,25321.1676311458,26007.3692260589,26042.1920152552,24657.5955236399,23341.9433616601,22858.4490445296,24421.8419227528,25339.6158215044,24016.353297926,26492.5008313303
"GNI per capita, Atlas method (current US$)",NY.GNP.PCAP.CD,Europe & Central Asia (excluding high income),ECA,..,1788.82953442623,9321.64680048007,10295.6717220167,10166.9105116786,8795.74599268056,7623.76364292296,7292.99213770283,7680.9257919499,8044.57390894101,7709.00969555312,8383.81147568592
"GNI per capita, Atlas method (current US$)",NY.GNP.PCAP.CD,Europe & Central Asia (IDA & IBRD countries),TEC,..,2073.56102883743,9678.86682879894,10537.6502464801,10458.9081989278,9245.69061545571,8168.97389038062,7909.10875115322,8440.22860606446,8905.62142789577,8602.99141660483,9392.72523667649
"GNI per capita, Atlas method (current US$)",NY.GNP.PCAP.CD,European Union,EUU,14437.4094022318,18501.4889594288,34500.9453401007,34798.4228387391,34799.2050881674,33395.8086161454,32171.8132922779,31826.6017470771,34565.5897952484,35947.6039601999,34342.194393698,37778.7765764489
"GNI per capita, Atlas method (current US$)",NY.GNP.PCAP.CD,Fragile and conflict affected situations,FCS,1147.10494427594,711.584153254644,2161.34699726412,2222.79497080048,2277.12915287564,2014.14225207341,1846.9121761299,1739.3091669683,1743.55465518533,1809.03630726941,1708.31888215921,1753.79475877618
"GNI per capita, Atlas method (current US$)",NY.GNP.PCAP.CD,Heavily indebted poor countries (HIPC),HPC,400.581638008961,328.301717040179,851.931971628544,906.267713455194,968.118969067395,960.967412255915,948.91431123573,960.205280379392,961.046819718501,975.74421135125,944.976346197954,989.370299799166
"GNI per capita, Atlas method (current US$)",NY.GNP.PCAP.CD,High income,HIC,18212.4195819691,25393.571997613,41953.1737401366,42769.7368460453,42952.4523077504,41729.7991588171,40860.2927861174,41144.7089324209,44022.5891132743,45590.9176020872,43945.3132689393,48120.4046853874
"GNI per capita, Atlas method (current US$)",NY.GNP.PCAP.CD,IBRD only,IBD,948.513270773538,1413.63164285176,5293.67636556683,5716.24723253057,5898.76877742754,5717.47918171859,5602.14738680128,5729.64081411888,6164.04998777206,6491.01270200618,6258.71426464472,6894.7400198538
"GNI per capita, Atlas method (current US$)",NY.GNP.PCAP.CD,IDA & IBRD total,IBT,846.289744945968,1202.4572237758,4290.27354128082,4619.50335761681,4768.49284370176,4621.5499358584,4520.318570997,4603.89711402916,4929.02559032029,5166.16776329503,4969.49167896007,5438.0739522592
"GNI per capita, Atlas method (current US$)",NY.GNP.PCAP.CD,IDA blend,IDB,508.363941864045,484.695619340796,1670.81135859753,1827.21241421313,1971.57520725825,1949.20393004073,1855.40939983938,1754.36002878362,1806.03630011415,1815.73183060823,1736.05157527129,1813.78485266033
"GNI per capita, Atlas method (current US$)",NY.GNP.PCAP.CD,IDA only,IDX,420.915350155968,405.569842488702,907.313845438583,941.110320488682,992.342713953499,996.033307550628,1014.71491834842,1060.28560860159,1115.35752435638,1160.35013278428,1144.34570866638,1205.26053186944
"GNI per capita, Atlas method (current US$)",NY.GNP.PCAP.CD,IDA total,IDA,448.985270077008,431.22815938157,1166.77669715225,1242.20264833432,1324.85142784559,1319.12694313054,1298.94869147054,1294.3576597706,1347.80048841783,1380.43748404779,1342.67077116942,1408.87751449455
"GNI per capita, Atlas method (current US$)",NY.GNP.PCAP.CD,Late-demographic dividend,LTE,980.768889817104,1631.5651903137,7476.65929021498,8266.5497215021,8676.77297128393,8502.67309891127,8345.94651253842,8551.58107440763,9347.4468969478,10011.9258232859,9882.48194002381,10915.8889249877
"GNI per capita, Atlas method (current US$)",NY.GNP.PCAP.CD,Latin America & Caribbean,LCN,2160.9725840545,4149.71911078006,9804.86531967554,10220.7411481639,10109.312282251,9147.32471671375,8427.13082496141,8314.25058686458,8649.37737408857,8750.08024168911,7637.29501208513,8067.68934835886
"GNI per capita, Atlas method (current US$)",NY.GNP.PCAP.CD,Latin America & Caribbean (excluding high income),LAC,2066.93492118652,4017.66758325225,9370.63854773397,9815.19696581112,9639.46182308022,8813.20303716826,8077.98065433677,7945.84814181356,8225.05479942416,8290.74141845055,7217.5871101672,7578.61113577702
"GNI per capita, Atlas method (current US$)",NY.GNP.PCAP.CD,Latin America & the Caribbean (IDA & IBRD countries),TLA,2102.65874318583,4107.54717749104,9789.19391765834,10204.010116566,10085.6485529189,9090.98227889243,8345.70709355853,8219.82066860992,8546.76004598957,8637.52224577414,7528.00368763588,7949.24243892764
"GNI per capita, Atlas method (current US$)",NY.GNP.PCAP.CD,Least developed countries: UN classification,LDC,319.904699849734,296.795100364824,898.774098485362,973.355787175533,1020.11605964799,999.472658451457,984.278199198024,1017.53876900793,1059.44169770962,1103.26196137461,1083.46254785497,1132.11959920487
"GNI per capita, Atlas method (current US$)",NY.GNP.PCAP.CD,Low & middle income,LMY,817.980798863212,1135.80436592723,4114.581560367,4447.85845005293,4593.45636460549,4470.53462913058,4377.68041622435,4460.55338300259,4769.12956374454,4995.33412134456,4807.20278112614,5258.90646166682
"GNI per capita, Atlas method (current US$)",NY.GNP.PCAP.CD,Low income,LIC,598.842835570691,396.384975118813,762.954145299248,742.946724879642,768.274552089809,746.22421578301,735.038544699295,745.248100046147,701.353614821742,700.385219742137,662.37719010976,683.370443139157
"GNI per capita, Atlas method (current US$)",NY.GNP.PCAP.CD,Lower middle income,LMC,525.961456375773,589.742573935968,2035.74033956842,2141.62855586869,2188.06065832484,2139.86023328829,2145.14709598459,2196.31573184798,2336.28434535878,2407.14528820728,2266.69466784845,2469.50286360092
"GNI per capita, Atlas method (current US$)",NY.GNP.PCAP.CD,Middle East & North Africa,MEA,..,3019.21165280458,8191.56249996413,8568.54113301124,8551.24196210023,7889.21420316551,7494.506642922,7110.94063343988,7305.99999723217,7393.07991589534,6864.24313258747,..
"GNI per capita, Atlas method (current US$)",NY.GNP.PCAP.CD,Middle East & North Africa (excluding high income),MNA,..,1746.19187948778,4563.99940408831,4603.915371353,4484.79337494827,4036.77093817886,3930.34430492667,3755.01192520901,3651.9893294447,3501.61815625842,3162.47482634076,3395.49896555163
"GNI per capita, Atlas method (current US$)",NY.GNP.PCAP.CD,Middle East & North Africa (IDA & IBRD countries),TMN,..,1747.98285288181,4579.36188594414,4616.78401301092,4495.33028832306,4040.97393965268,3930.6906244917,3753.0003720713,3645.75792935395,3492.5781682991,3156.1546450359,3385.64139943622
"GNI per capita, Atlas method (current US$)",NY.GNP.PCAP.CD,Middle income,MIC,847.916283777761,1200.77965057776,4469.0298751434,4844.43094812363,5008.20959922947,4879.91000861288,4784.20586655204,4881.80270474615,5237.68405648685,5498.9144536103,5302.22429198109,5815.37711751504
"GNI per capita, Atlas method (current US$)",NY.GNP.PCAP.CD,North America,NAC,23165.7742817215,34671.6090292637,52633.0427682045,53881.1887148419,55444.9658446565,55719.485041468,55812.9915428196,57582.4013153431,61593.9241265802,64128.6714705055,62488.0170347019,68598.5211090901
"GNI per capita, Atlas method (current US$)",NY.GNP.PCAP.CD,Not classified,INX,..,..,..,..,..,..,..,..,..,..,..,..
"GNI per capita, Atlas method (current US$)",NY.GNP.PCAP.CD,OECD members,OED,16704.8410737215,23151.8055963648,37749.0483223153,38388.9664671071,38486.2760699039,37349.1116886939,36478.1296209487,36656.9105962931,39078.0696921693,40340.5064422511,38769.1388015698,42359.9782420971
"GNI per capita, Atlas method (current US$)",NY.GNP.PCAP.CD,Other small states,OSS,..,..,13579.2004240541,14620.0707378935,14774.924739397,13724.905107873,12584.9732509508,11906.1989913535,12651.0520335438,13290.5805248121,12225.2738710423,12741.3436067046
"GNI per capita, Atlas method (current US$)",NY.GNP.PCAP.CD,Pacific island small states,PSS,1409.32695605624,1821.09933914997,3250.87128382491,3614.63008536847,3753.46870132374,3797.59948120673,3837.64940789299,3898.34930824358,4214.89563281198,4314.41634237206,3876.43904241035,3768.69922016764
"GNI per capita, Atlas method (current US$)",NY.GNP.PCAP.CD,Post-demographic dividend,PST,18763.9182162566,26132.5388845769,42949.7717561692,43698.118703008,43832.4095943134,42595.4151005509,41796.4482783664,42197.8652531666,45144.1917279074,46734.8244639271,45041.7229218339,49294.4441008697
"GNI per capita, Atlas method (current US$)",NY.GNP.PCAP.CD,Pre-demographic dividend,PRE,762.282274332174,413.406232713457,1540.27291780859,1675.88045204261,1773.96332553158,1662.21695391072,1491.40588331672,1361.62173239851,1345.51094625045,1404.07811040082,1329.71705318659,1368.66813961627
"GNI per capita, Atlas method (current US$)",NY.GNP.PCAP.CD,Small states,SST,..,..,12183.5124872506,13084.2252814415,13246.3391021393,12460.9445318554,11501.9842144563,10992.8809546922,11622.9647334053,12187.6837722267,11139.8385016452,11665.1096232184
"GNI per capita, Atlas method (current US$)",NY.GNP.PCAP.CD,South Asia,SAS,372.811493668027,440.043674207922,1371.72977150465,1417.83440046726,1460.97802858948,1505.72899426982,1594.29126267841,1737.6368272679,1928.16657550113,2012.08892610671,1856.25278551825,2076.15606807919
"GNI per capita, Atlas method (current US$)",NY.GNP.PCAP.CD,South Asia (IDA & IBRD),TSA,372.811493668027,440.043674207922,1371.72977150465,1417.83440046726,1460.97802858948,1505.72899426982,1594.29126267841,1737.6368272679,1928.16657550113,2012.08892610671,1856.25278551825,2076.15606807919
"GNI per capita, Atlas method (current US$)",NY.GNP.PCAP.CD,Sub-Saharan Africa,SSF,648.343751051548,573.303609833712,1713.08412843688,1797.34625912086,1855.74978768698,1749.08108404259,1583.76804763011,1500.0690627888,1513.98455068474,1562.43356266792,1490.71354973953,1556.43308741514
"GNI per capita, Atlas method (current US$)",NY.GNP.PCAP.CD,Sub-Saharan Africa (excluding high income),SSA,647.7606073833,572.487595412177,1712.15669141508,1796.33267305489,1854.68401887444,1747.93220918067,1582.61330357023,1498.88364983469,1512.72729350743,1561.14149652933,1489.64018743035,1555.34179948256
"GNI per capita, Atlas method (current US$)",NY.GNP.PCAP.CD,Sub-Saharan Africa (IDA & IBRD countries),TSS,648.343751051548,573.303609833712,1713.08412843688,1797.34625912086,1855.74978768698,1749.08108404259,1583.76804763012,1500.0690627888,1513.98455068474,1562.43356266792,1490.71354973953,1556.43308741514
"GNI per capita, Atlas method (current US$)",NY.GNP.PCAP.CD,Upper middle income,UMC,1183.04128500313,1897.35575652361,7561.51480870935,8302.61186018702,8640.25564988325,8432.21617456315,8229.45890263794,8411.93580460325,9079.36883226322,9623.76794149482,9386.55347355044,10358.1133038518
"GNI per capita, Atlas method (current US$)",NY.GNP.PCAP.CD,World,WLD,4193.78792423516,5494.79299693466,10462.0104011431,10829.5040432766,10944.315159798,10585.2627431425,10329.2198817802,10407.2090819158,11094.0515472189,11496.2094502297,11037.6539955163,12023.2004618168
,,,,,,,,,,,,,,,
,,,,,,,,,,,,,,,
,,,,,,,,,,,,,,,
Data from database: World Development Indicators,,,,,,,,,,,,,,,
Last Updated: 12/22/2022,,,,,,,,,,,,,,,
Code,License Type,Indicator Name,Long definition,Source,Topic,Periodicity,Aggregation method,Statistical concept and methodology,License URL
NY.GNP.PCAP.CD,CC BY-4.0,"GNI per capita, Atlas method (current US$)","GNI per capita (formerly GNP per capita) is the gross national income, converted to U.S. dollars using the World Bank Atlas method, divided by the midyear population. GNI is the sum of value added by all resident producers plus any product taxes (less subsidies) not included in the valuation of output plus net receipts of primary income (compensation of employees and property income) from abroad. GNI, calculated in national currency, is usually converted to U.S. dollars at official exchange rates for comparisons across economies, although an alternative rate is used when the official exchange rate is judged to diverge by an exceptionally large margin from the rate actually applied in international transactions. To smooth fluctuations in prices and exchange rates, a special Atlas method of conversion is used by the World Bank. This applies a conversion factor that averages the exchange rate for a given year and the two preceding years, adjusted for differences in rates of inflation between the country, and through 2000, the G-5 countries (France, Germany, Japan, the United Kingdom, and the United States). From 2001, these countries include the Euro area, Japan, the United Kingdom, and the United States.","World Bank national accounts data, and OECD National Accounts data files.",Economic Policy & Debt: National accounts: Atlas GNI & GNI per capita,Annual,Weighted average,"The World Bank uses Atlas method GNI per capita in U.S. dollars to classify countries for analytical purposes and to determine borrowing eligibility. For more information, see the metadata for Atlas method GNI in current U.S. dollars (NY.GNP.ATLS.CD) and total population (SP.POP.TOTL).",https://datacatalog.worldbank.org/public-licenses#cc-by
